random,subset,material,condition_code,valence_condition,means_condition,goal_step,action_step,resources_step,numeric_valence,numeric_control,numeric_valence_strength,numeric_control_strength,cond,Response ID,Time Started,Date Submitted,Status,Contact ID,Legacy Comments,Comments,Language,Referer,SessionID,user_id,reject,variable,answer_text,mb_neg_ans1,mb_neg_ans2,mb_neg_ans3,mb_neg_ans4,mb_neg_ans5,mb_neg_ans6,mb_neg_ans7,mb_other_ans1,mb_other,mb_pos_ans1,mb_pos_ans2,mb_pos_ans3,mb_pos_ans4,mb_pos_ans5,neg,pos,neither,goal,non_goal,controllable,uncontrollable,neither_control
0.314806892,4,michael_breakfast,C,positive,present,"After waking up, Michael goes downstairs to have his breakfast.","Then, Michael goes into the kitchen and makes some tea.",Michael found the tea bags to put in the pot and was reminded of the happy days when he was studying at university.,6.125,5.8,6.125,5.8,S1,11,"Jun 29, 2020 6:45:09 am","Jun 29, 2020 6:58:10 am",Complete,,,,English,,1593427509_5ef9c6357bbc53.13824872,5d59a10aa17f570017307126,keep,michael_breakfast,Michael forgot to boil the kettle and pours cold water onto his teabag without noticing.,,,1,,,,,,,,,,,,1,,,1,,1,,
0.806973214,4,michael_breakfast,D,positive,absent,"After waking up, Michael goes downstairs to have his breakfast.","Then, Michael goes into the kitchen and makes some tea.",Michael could not find tea bags to put in the pot and was reminded of the happy days when he was studying at university.,5.4375,4.8125,5.4375,3.1875,S2,5,"Jun 29, 2020 7:36:19 am","Jun 29, 2020 7:44:19 am",Complete,,,,English,,1593430579_5ef9d233707839.74973788,5e1c4deffd004243d235909a,keep,michael_breakfast,The teapot smashes.,,,1,,,,,,,,,,,,1,,,1,,,,1
0.503623852,4,michael_breakfast,C,positive,present,"After waking up, Michael goes downstairs to have his breakfast.","Then, Michael goes into the kitchen and makes some tea.",Michael found the tea bags to put in the pot and was reminded of the happy days when he was studying at university.,6.125,5.8,6.125,5.8,S1,8,"Jun 29, 2020 6:43:32 am","Jun 29, 2020 6:58:36 am",Complete,,,,English,,1593427412_5ef9c5d4aa5963.30852795,5e2b82843d8aa11d69c1bb2c,keep,michael_breakfast,The phone rings; it's his uni friend who he hasn't spoken to for 15 years.The have a good old reminisce on the phone and arrange a time for a reunion.,,,,,,,,,,,,,,1,,1,,1,,,1,
0.996944183,4,michael_breakfast,B,negative,absent,"After waking up, Michael goes downstairs to have his breakfast.","Then, Michael goes into the kitchen and makes some tea.",Michael could not find tea bags to put in the pot and was reminded of the unhappy days when he was studying at university.,2.9375,4.866666667,5.0625,3.133333333,S4,1,"Jun 30, 2020 6:45:25 am","Jun 30, 2020 6:50:50 am",Complete,,,,English,,1593513925_5efb17c556d299.77092801,5d53b4a9312e7e000130d873,keep,michael_breakfast,Michael was reminded of his university days,,,,,,,,,1,,,,,,,,1,1,,,1,
0.994786481,4,michael_breakfast,C,positive,present,"After waking up, Michael goes downstairs to have his breakfast.","Then, Michael goes into the kitchen and makes some tea.",Michael found the tea bags to put in the pot and was reminded of the happy days when he was studying at university.,6.125,5.8,6.125,5.8,S1,10,"Jun 29, 2020 6:43:46 am","Jun 29, 2020 7:04:12 am",Complete,,,,English,,1593427426_5ef9c5e28ec435.46444815,5e68b5e1857da315e3b0f06a,keep,michael_breakfast,"By coincidence, just as he was thinking about his days at university, the phone rang and it was one of his old housemates.",,,,,,,,,,,,,,1,,,1,1,,,1,
0.323499761,4,michael_breakfast,A,negative,present,"After waking up, Michael goes downstairs to have his breakfast.","Then, Michael goes into the kitchen and makes some tea.",Michael found the tea bags to put in the pot and was reminded of the unhappy days when he was studying at university.,2.8125,5.1875,5.1875,5.1875,S3,2,"Jun 30, 2020 5:26:35 am","Jun 30, 2020 5:33:11 am",Complete,,,,English,,1593509195_5efb054bad2ce6.48278228,5e5ce3bf1377484b52ea2c07,keep,michael_breakfast,Michael distracted by his thoughts of his student times has made the tea in the wrong pot,,,,,,1,,,,,,,,,1,,,1,,1,,
0.447225641,4,michael_breakfast,D,positive,absent,"After waking up, Michael goes downstairs to have his breakfast.","Then, Michael goes into the kitchen and makes some tea.",Michael could not find tea bags to put in the pot and was reminded of the happy days when he was studying at university.,5.4375,4.8125,5.4375,3.1875,S2,3,"Jun 29, 2020 7:26:44 am","Jun 29, 2020 7:36:39 am",Complete,,,,English,,1593430004_5ef9cff44b6486.28514032,5decfba65b56133beed6ec21,keep,michael_breakfast,A friend from university calls at the time he is thinking back.,,,,,,,,,,,,,,1,,1,,1,,,1,
0.12753069,4,michael_breakfast,B,negative,absent,"After waking up, Michael goes downstairs to have his breakfast.","Then, Michael goes into the kitchen and makes some tea.",Michael could not find tea bags to put in the pot and was reminded of the unhappy days when he was studying at university.,2.9375,4.866666667,5.0625,3.133333333,S4,6,"Jun 30, 2020 7:49:53 am","Jun 30, 2020 8:03:46 am",Complete,,,,English,,1593517792_5efb26e0d480c6.12954054,5ed6a937eb466b1029493c39,keep,michael_breakfast,"Just as he is thinking about is unhappy days, the phone rings its his old friend Chris from university. They have a long chat about some of the good times",,,,,,,,,,,,,,1,,1,,1,,,1,
0.555228996,4,michael_breakfast,C,positive,present,"After waking up, Michael goes downstairs to have his breakfast.","Then, Michael goes into the kitchen and makes some tea.",Michael found the tea bags to put in the pot and was reminded of the happy days when he was studying at university.,6.125,5.8,6.125,5.8,S1,7,"Jun 29, 2020 6:43:41 am","Jun 29, 2020 6:58:24 am",Complete,,,,English,,1593427421_5ef9c5dd177f86.55581384,5ee09f7d35a19c025377685e,keep,michael_breakfast,He remembered he had no milk or bread,,,1,,,,,,,,,,,,1,,,,1,,,1
0.917797106,4,michael_breakfast,D,positive,absent,"After waking up, Michael goes downstairs to have his breakfast.","Then, Michael goes into the kitchen and makes some tea.",Michael could not find tea bags to put in the pot and was reminded of the happy days when he was studying at university.,5.4375,4.8125,5.4375,3.1875,S2,2,"Jun 29, 2020 7:25:59 am","Jun 29, 2020 7:44:42 am",Complete,,,,English,,1593429959_5ef9cfc77d5c58.66291656,5eabec3dd0a50501759cc55c,keep,michael_breakfast,Michael comes up with a business idea to deliver tea bags.,,,,,,,,,1,,,,,,,1,,1,,,,1
0.348172581,4,michael_breakfast,D,positive,absent,"After waking up, Michael goes downstairs to have his breakfast.","Then, Michael goes into the kitchen and makes some tea.",Michael could not find tea bags to put in the pot and was reminded of the happy days when he was studying at university.,5.4375,4.8125,5.4375,3.1875,S2,1,"Jun 29, 2020 7:25:24 am","Jun 29, 2020 7:30:16 am",Complete,,,,English,,1593429924_5ef9cfa4690c49.27732065,5ca657155cea47001229c3d3,keep,michael_breakfast,he didnt have any teabags,,,1,,,,,,,,,,,,1,,,1,,,,1
0.255448827,4,michael_breakfast,A,negative,present,"After waking up, Michael goes downstairs to have his breakfast.","Then, Michael goes into the kitchen and makes some tea.",Michael found the tea bags to put in the pot and was reminded of the unhappy days when he was studying at university.,2.8125,5.1875,5.1875,5.1875,S3,9,"Jun 30, 2020 6:21:39 am","Jun 30, 2020 6:34:16 am",Complete,,,,English,,1593512499_5efb1233757a24.21606313,5db1b1b6cd3329000ba29566,keep,michael_breakfast,He gets a phone call out of the blue from one of his old university friends,,,,,,,,,,,,,,1,,1,,1,,,1,
0.322499974,4,michael_breakfast,A,negative,present,"After waking up, Michael goes downstairs to have his breakfast.","Then, Michael goes into the kitchen and makes some tea.",Michael found the tea bags to put in the pot and was reminded of the unhappy days when he was studying at university.,2.8125,5.1875,5.1875,5.1875,S3,7,"Jun 30, 2020 5:27:15 am","Jun 30, 2020 6:02:16 am",Complete,,,,English,,1593509235_5efb0573712697.30913003,5dd84483270f447dea09e8d4,keep,michael_breakfast,When he put the tea bags in the pot he was actually transported back in time to his old university house.,,,,,,,,,1,,,,,,,,1,1,,,1,
0.287327653,4,michael_breakfast,B,negative,absent,"After waking up, Michael goes downstairs to have his breakfast.","Then, Michael goes into the kitchen and makes some tea.",Michael could not find tea bags to put in the pot and was reminded of the unhappy days when he was studying at university.,2.9375,4.866666667,5.0625,3.133333333,S4,4,"Jun 30, 2020 6:47:33 am","Jun 30, 2020 7:03:22 am",Complete,,,,English,,1593514053_5efb18452423a0.69018844,5e715d97c747b108913e435b,keep,michael_breakfast,"Michael had been made redundant so is struggling to pay for things like teabags, like when he was a student.",,,,,,,,,1,,,,,,1,,,1,,,1,
0.761556872,4,michael_breakfast,A,negative,present,"After waking up, Michael goes downstairs to have his breakfast.","Then, Michael goes into the kitchen and makes some tea.",Michael found the tea bags to put in the pot and was reminded of the unhappy days when he was studying at university.,2.8125,5.1875,5.1875,5.1875,S3,3,"Jun 30, 2020 5:27:07 am","Jun 30, 2020 5:37:31 am",Complete,,,,English,,1593509227_5efb056b975135.60202924,5a2ba3972a1bed0001f352a6,keep,michael_breakfast,He started crying,,,,,,,,,1,,,,,,1,,,,1,1,,
0.606751877,4,michael_breakfast,A,negative,present,"After waking up, Michael goes downstairs to have his breakfast.","Then, Michael goes into the kitchen and makes some tea.",Michael found the tea bags to put in the pot and was reminded of the unhappy days when he was studying at university.,2.8125,5.1875,5.1875,5.1875,S3,6,"Jun 30, 2020 5:30:32 am","Jun 30, 2020 5:37:20 am",Complete,,,,English,,1593509432_5efb0638d3c924.78352224,59d4943b719adb0001235b5f,keep,michael_breakfast,he puts sugar in his tea,,,,,,,,,1,,,,,,,,1,1,,1,,
0.11273761,4,michael_breakfast,B,negative,absent,"After waking up, Michael goes downstairs to have his breakfast.","Then, Michael goes into the kitchen and makes some tea.",Michael could not find tea bags to put in the pot and was reminded of the unhappy days when he was studying at university.,2.9375,4.866666667,5.0625,3.133333333,S4,5,"Jun 30, 2020 6:51:19 am","Jun 30, 2020 7:14:33 am",Complete,,,,English,,1593514279_5efb19278f0d80.22639583,5c5bf7813443790001f6eb6e,keep,michael_breakfast,Thinking of his university days he is reminded of a girl in his house share who made mint tea out of mint leaves.  Luckily he had some mint growing in the garden.,,,,,,,,,1,,,,,,,1,,1,,1,,
0.677730271,4,michael_breakfast,C,positive,present,"After waking up, Michael goes downstairs to have his breakfast.","Then, Michael goes into the kitchen and makes some tea.",Michael found the tea bags to put in the pot and was reminded of the happy days when he was studying at university.,6.125,5.8,6.125,5.8,S1,9,"Jun 29, 2020 6:43:49 am","Jun 29, 2020 6:56:25 am",Complete,,,,English,,1593427429_5ef9c5e57575f0.19660799,5ee7819b3d520b00092c7991,keep,michael_breakfast,"while remembering the good times he had at university, michael actually remembered that that was only for the first few months. and university is actually a really rubbish time for everyone.",,,,,,,,,1,,,,,,1,,,1,,,1,
0.288310278,4,michael_breakfast,D,positive,absent,"After waking up, Michael goes downstairs to have his breakfast.","Then, Michael goes into the kitchen and makes some tea.",Michael could not find tea bags to put in the pot and was reminded of the happy days when he was studying at university.,5.4375,4.8125,5.4375,3.1875,S2,6,"Jun 29, 2020 8:52:34 am","Jun 29, 2020 9:11:38 am",Complete,,,,English,,1593435154_5ef9e4126d9ed5.65798556,5ea1870060261003807ab29f,keep,michael_breakfast,An old university friend phones,,,,,,,,,,,,,,1,,1,,1,,,1,
0.375778418,4,michael_breakfast,B,negative,absent,"After waking up, Michael goes downstairs to have his breakfast.","Then, Michael goes into the kitchen and makes some tea.",Michael could not find tea bags to put in the pot and was reminded of the unhappy days when he was studying at university.,2.9375,4.866666667,5.0625,3.133333333,S4,3,"Jun 30, 2020 6:47:55 am","Jun 30, 2020 6:54:07 am",Complete,,,,English,,1593514075_5efb185b572dd5.32957800,5a69175331b87a0001c76149,keep,michael_breakfast,He had coffee instead ,,,,,,,,,1,,,,,,,,1,,1,1,,